USE MASTER
IF EXISTS (SELECT * FROM SYSDATABASES WHERE NAME='CSDL' )
DROP DATABASE CSDL
GO
CREATE DATABASE CSDL
GO
USE CSDL
GO
IF EXISTS (SELECT * FROM SYSOBJECTS  WHERE NAME='KETQUA')
DROP TABLE KETQUA;
GO
CREATE TABLE KETQUA (
  -- MASV VARCHAR(255) NOT NULL,
  -- MAMH VARCHAR(255) NOT NULL,
  -- LANTHI INT NOT NULL,
  MASV VARCHAR(255),
  MAMH VARCHAR(255),
  LANTHI INT,
  DIEM FLOAT,
  -- PRIMARY KEY (MASV,MAMH,LANTHI)
)
GO
IF EXISTS (SELECT * FROM SYSOBJECTS  WHERE NAME = 'DMKHOA')
DROP TABLE DMKHOA
GO
CREATE TABLE DMKHOA (
  MAKHOA VARCHAR(255) NOT NULL,
  TENKHOA NVARCHAR(255),
  PRIMARY KEY (MAKHOA)
)
GO
IF EXISTS (SELECT * FROM SYSOBJECTS WHERE NAME = 'DMSV')
DROP TABLE DMSV
GO
CREATE TABLE DMSV (
  MASV VARCHAR(255) NOT NULL,
  HOSV NVARCHAR(255),
  TENSV NVARCHAR(255),
  PHAI INT,
  NGAYSINH DATE,
  NOISINH NVARCHAR(255),
  MAKHOA VARCHAR(255),
  HOCBONG INT,
  -- SOMH INT,
  PRIMARY KEY (MASV)
)
GO
IF EXISTS (SELECT * FROM SYSOBJECTS WHERE NAME='DMMH')
DROP TABLE DMMH
GO
CREATE TABLE DMMH(
  MAMH VARCHAR(255) NOT NULL,
  TENMH NVARCHAR(255),
  SOTIET INT,
  PRIMARY KEY (MAMH)
)

ALTER TABLE KETQUA ALTER COLUMN MASV VARCHAR(255) NOT NULL
ALTER TABLE KETQUA ALTER COLUMN MAMH VARCHAR(255) NOT NULL
ALTER TABLE KETQUA ALTER COLUMN LANTHI INT NOT NULL
GO
ALTER TABLE KETQUA ADD CONSTRAINT KQ_PK PRIMARY KEY (MASV, MAMH, LANTHI)
ALTER TABLE KETQUA ADD CONSTRAINT KQ_MASV_FK FOREIGN KEY(MASV) REFERENCES DMSV(MASV) 
ALTER TABLE KETQUA ADD CONSTRAINT KQ_MAMH_FK FOREIGN KEY(MAMH) REFERENCES DMMH(MAMH)

--3.1
ALTER TABLE DMKHOA ADD NAMTL INT
--3.2
ALTER TABLE DMKHOA ALTER COLUMN NAMTL SMALLINT
--3.3
EXEC SP_RENAME 'DMKHOA.NAMTL','NAMTHANHLAP' 
--3.4 
ALTER TABLE DMKHOA DROP COLUMN NAMTHANHLAP
--3.6
ALTER TABLE DMSV ADD CONSTRAINT FK_DMSV_KHOA FOREIGN KEY(MAKHOA) REFERENCES DMKHOA(MAKHOA)
--3.5
ALTER TABLE DMSV DROP FK_DMSV_KHOA


--ADD DATA
INSERT INTO DMMH VALUES('01',N'CƠ SỞ DỮ LIỆU',45)
INSERT INTO DMMH VALUES('02',N'TRÍ TUỆ NHÂN TẠO',45)
INSERT INTO DMMH VALUES('03',N'TRUYỀN TIN',45)
INSERT INTO DMMH VALUES('04',N'ĐỒ HOẠ',60)
INSERT INTO DMMH VALUES('05',N'VĂN PHẠM',60)
INSERT INTO DMMH VALUES('06',N'KỸ THUẬT LẬP TRÌNH',45)
SELECT * FROM DMMH


INSERT INTO DMKHOA VALUES('AV',N'ANH VĂN')
INSERT INTO DMKHOA VALUES('TH',N'TIN HỌC')
INSERT INTO DMKHOA VALUES('TR',N'TRIẾT')
INSERT INTO DMKHOA VALUES('VL',N'VẬT LÝ')
SELECT * FROM DMKHOA


SET DATEFORMAT DMY

INSERT INTO DMSV VALUES('A01',N'NGUYỄN THỊ',N'HẢI',1,'23/02/1993',N'HÀ NỘI','TH',130000)
INSERT INTO DMSV VALUES('A02',N'TRẦN VĂN',N'CHÍNH',0,'24/12/1992',N'BÌNH ĐỊNH','VL',150000)
INSERT INTO DMSV VALUES('A03',N'LÊ THU BẠCH',N'YẾN',1,'21/02/1993',N'TPHCM','TH',170000)
INSERT INTO DMSV VALUES('A04',N'TRẦN ANH',N'TUẤN',0,'20/12/1994',N'HÀ NỘI','AV',80000)
INSERT INTO DMSV VALUES('B01',N'TRẦN THANH',N'MAI',1,'12/08/1993',N'HẢI PHÒNG','TR',0)
INSERT INTO DMSV VALUES('B02',N'TRẦN THỊ THU',N'THUỶ',1,'02/01/1994',N'TPHCM','AV',0)
SELECT * FROM DMSV


INSERT INTO KETQUA VALUES('A01','01',1,3)
INSERT INTO KETQUA VALUES('A01','01',2,6)
INSERT INTO KETQUA VALUES('A01','02',2,6)
INSERT INTO KETQUA VALUES('A01','03',1,5)
INSERT INTO KETQUA VALUES('A02','01',1,4.5)
INSERT INTO KETQUA VALUES('A02','01',2,7)
INSERT INTO KETQUA VALUES('A02','03',1,10)
INSERT INTO KETQUA VALUES('A02','05',1,9)

INSERT INTO KETQUA VALUES('A03','01',1,2)
INSERT INTO KETQUA VALUES('A03','01',2,5)
INSERT INTO KETQUA VALUES('A03','03',1,2.5)
INSERT INTO KETQUA VALUES('A03','05',2,4)
INSERT INTO KETQUA VALUES('A04','05',2,10)

INSERT INTO KETQUA VALUES('B01','01',1,7)
INSERT INTO KETQUA VALUES('B01','03',1,2.5)
INSERT INTO KETQUA VALUES('B01','03',2,5)

INSERT INTO KETQUA VALUES('B02','02',1,6)
INSERT INTO KETQUA VALUES('B02','04',1,10)
SELECT * FROM KETQUA


-- 8.1
SELECT SV.MASV,HOSV,TENSV
FROM DMSV AS SV,KETQUA AS KQ,DMMH AS MH
WHERE SV.MASV=KQ.MASV AND SV.MASV NOT IN (
  SELECT SV.MASV FROM KETQUA AS KQ,DMSV AS SV,DMMH AS MH
  WHERE SV.MASV=KQ.MASV AND MH.MAMH=KQ.MAMH AND MH.TENMH LIKE N'CƠ SỞ DỮ LIỆU'
)
-- 8.2
SELECT SV.MASV,HOSV,TENSV
FROM DMSV AS SV,KETQUA AS KQ
WHERE SV.MASV=KQ.MASV AND SV.MASV NOT IN (
  SELECT SV.MASV FROM KETQUA AS KQ,DMSV AS SV
  WHERE SV.MASV=KQ.MASV AND KQ.LANTHI=1
)
-- 8.3. Cho biết môn nào không có sinh viên khoa anh văn học.
-- SELECT MH.MAMH,TENMH
-- FROM DMMH AS MH,KETQUA AS KQ,DMSV AS SV
-- WHERE MH.MAMH=KQ.MAMH AND SV.MASV=KQ.MASV AND SV.MAKHOA='AV' AND MH.MAMH NOT IN (
--   SELECT MH.MAMH FROM DMMH AS MH,KETQUA AS KQ,DMSV AS SV
--   WHERE MH.MAMH=KQ.MAMH AND SV.MASV=KQ.MASV AND SV.MAKHOA='AV'
-- )
-- 8.4
SELECT SV.MASV,HOSV,TENSV
FROM DMSV AS SV,KETQUA AS KQ,DMMH AS MH
WHERE SV.MASV=KQ.MASV AND MH.MAMH=KQ.MAMH AND SV.MAKHOA='AV' AND SV.MASV NOT IN (
  SELECT SV.MASV FROM DMSV AS SV,KETQUA AS KQ,DMMH AS MH
  WHERE SV.MASV=KQ.MASV AND MH.MAMH=KQ.MAMH AND SV.MAKHOA='AV' AND MH.TENMH LIKE N'VĂN PHẠM'
)
-- 8.5
SELECT MH.MAMH,TENMH
FROM DMMH AS MH,KETQUA AS KQ,DMSV AS SV
WHERE MH.MAMH=KQ.MAMH AND SV.MASV=KQ.MASV AND SV.MAKHOA='AV' AND MH.MAMH NOT IN (
  SELECT MH.MAMH FROM DMMH AS MH,KETQUA AS KQ,DMSV AS SV
  WHERE MH.MAMH=KQ.MAMH AND SV.MASV=KQ.MASV AND SV.MAKHOA='AV' AND KQ.DIEM<5
)
-- 8.6
SELECT K.MAKHOA,TENKHOA
FROM DMSV AS SV ,DMKHOA AS K
WHERE SV.MAKHOA=K.MAKHOA AND SV.MAKHOA NOT IN (
  SELECT SV.MAKHOA FROM DMSV AS SV ,DMKHOA AS K
  WHERE SV.MAKHOA=K.MAKHOA AND PHAI=1
)

-- 8.7

SELECT SV.MASV,HOSV,TENSV,SV.MAKHOA
FROM DMSV SV,DMKHOA K
WHERE SV.MAKHOA=K.MAKHOA
AND TENKHOA LIKE N'ANH VĂN'
AND HOCBONG>0
UNION
SELECT SV.MASV,HOSV,TENSV,MAKHOA
FROM DMSV SV ,KETQUA K
WHERE SV.MASV=K.MASV
AND SV.MASV NOT IN(SELECT MASV
  FROM KETQUA
  WHERE DIEM<5
)

-- 7.8. Cho biết những sinh viên:
-- - Không có học bổng hoặc
-- - Bị rớt môn học (sinh viên thi lần 1 bị rớt mà không thi lần 2 và sinh viên thi lần 2 bị
-- rớt)